ID,Imie,Nazwisko,Email
1,Marcelina,Macek,Marcelina.Macek@gmail.com
2,Adrianna,Tondera,Adrianna.Tondera@gmail.com
3,Krystyna,Policht,Krystyna.Policht@gmail.com
4,Janina,Stochmal,Janina.Stochmal@gmail.com
5,Alan,Achtelik,Alan.Achtelik@gmail.com
6,Bartek,Trzepizur,Bartek.Trzepizur@gmail.com
7,Damian,Matela,Damian.Matela@gmail.com
8,Nikodem,Engler,Nikodem.Engler@gmail.com
9,Melania,Rozynek,Melania.Rozynek@gmail.com
10,Gaja,Westfal,Gaja.Westfal@gmail.com
11,Mateusz,Krekora,Mateusz.Krekora@gmail.com
12,Kalina,Kontny,Kalina.Kontny@gmail.com
13,Nela,Pastuła,Nela.Pastuła@gmail.com
14,Blanka,Adrian,Blanka.Adrian@gmail.com
15,Norbert,Kozubal,Norbert.Kozubal@gmail.com
16,Maksymilian,Nickel,Maksymilian.Nickel@gmail.com
17,Sonia,Hajda,Sonia.Hajda@gmail.com
18,Dorota,Wielgos,Dorota.Wielgos@gmail.com
19,Rozalia,Miszkiel,Rozalia.Miszkiel@gmail.com
20,Sonia,Dzwonnik,Sonia.Dzwonnik@gmail.com
21,Maurycy,Golan,Maurycy.Golan@gmail.com
22,Stanisław,Misiaszek,Stanisław.Misiaszek@gmail.com
23,Sebastian,Proch,Sebastian.Proch@gmail.com
24,Nataniel,Chwalisz,Nataniel.Chwalisz@gmail.com
25,Roksana,Sadoch,Roksana.Sadoch@gmail.com
